<?xml version="1.0" encoding="UTF-8"?><?xml-stylesheet type='text/xsl' href='_UpgradeReport_Files/UpgradeReport.xslt'?><UpgradeLog>
<Properties><Property Name="Solution" Value="PhysicsIllustrator">
</Property><Property Name="Solution File" Value="G:\PhysicsSimulation\PhysicsIllustratorSource\PhysicsIllustrator.sln">
</Property><Property Name="Date" Value="terça-feira, 30 de setembro de 2008">
</Property><Property Name="Time" Value="15:17">
</Property><Property Name="Log Number" Value="2">
</Property></Properties><Event ErrorLevel="0" Project="" Source="PhysicsIllustrator.sln" Description="File successfully backed up as G:\PhysicsSimulation\PhysicsIllustratorSource\Backup1\PhysicsIllustrator.sln">
</Event><Event ErrorLevel="0" Project="PhysicsIllustrator" Source="PhysicsIllustrator\PhysicsIllustrator.csproj" Description="Project file successfully backed up as G:\PhysicsSimulation\PhysicsIllustratorSource\Backup1\PhysicsIllustrator\PhysicsIllustrator.csproj">
</Event><Event ErrorLevel="0" Project="PhysicsIllustrator" Source="PhysicsIllustrator\PhysicsIllustrator.csproj.user" Description="Project user file successfully backed up as G:\PhysicsSimulation\PhysicsIllustratorSource\Backup1\PhysicsIllustrator\PhysicsIllustrator.csproj.user">
</Event><Event ErrorLevel="1" Project="PhysicsIllustrator" Source="AssemblyInfoCommon.cs" Description="Backed up project may not build.  Project contains linked file: G:\PhysicsSimulation\PhysicsIllustratorSource\Backup1\PhysicsIllustrator\AssemblyInfoCommon.cs">
</Event><Event ErrorLevel="0" Project="PhysicsIllustrator" Source="AssemblyInfoCommon.cs" Description="File successfully backed up as G:\PhysicsSimulation\PhysicsIllustratorSource\Backup1\PhysicsIllustrator\AssemblyInfoCommon.cs">
</Event><Event ErrorLevel="1" Project="PhysicsIllustrator" Source="Win32.cs" Description="Backed up project may not build.  Project contains linked file: G:\PhysicsSimulation\PhysicsIllustratorSource\Backup1\PhysicsIllustrator\Win32.cs">
</Event><Event ErrorLevel="0" Project="PhysicsIllustrator" Source="Win32.cs" Description="File successfully backed up as G:\PhysicsSimulation\PhysicsIllustratorSource\Backup1\PhysicsIllustrator\Win32.cs">
</Event><Event ErrorLevel="0" Project="PhysicsIllustrator" Source="PhysicsIllustrator\Animation\AnimationEngine.cs" Description="File successfully backed up as G:\PhysicsSimulation\PhysicsIllustratorSource\Backup1\PhysicsIllustrator\Animation\AnimationEngine.cs">
</Event><Event ErrorLevel="0" Project="PhysicsIllustrator" Source="PhysicsIllustrator\AssemblyInfoSpecific.cs" Description="File successfully backed up as G:\PhysicsSimulation\PhysicsIllustratorSource\Backup1\PhysicsIllustrator\AssemblyInfoSpecific.cs">
</Event><Event ErrorLevel="0" Project="PhysicsIllustrator" Source="PhysicsIllustrator\CompGeo\Ellipse.cs" Description="File successfully backed up as G:\PhysicsSimulation\PhysicsIllustratorSource\Backup1\PhysicsIllustrator\CompGeo\Ellipse.cs">
</Event><Event ErrorLevel="0" Project="PhysicsIllustrator" Source="PhysicsIllustrator\CompGeo\EllipseAnalysis.cs" Description="File successfully backed up as G:\PhysicsSimulation\PhysicsIllustratorSource\Backup1\PhysicsIllustrator\CompGeo\EllipseAnalysis.cs">
</Event><Event ErrorLevel="0" Project="PhysicsIllustrator" Source="PhysicsIllustrator\CompGeo\GoldenSectionDescender.cs" Description="File successfully backed up as G:\PhysicsSimulation\PhysicsIllustratorSource\Backup1\PhysicsIllustrator\CompGeo\GoldenSectionDescender.cs">
</Event><Event ErrorLevel="0" Project="PhysicsIllustrator" Source="PhysicsIllustrator\CompGeo\LeastSquaresRegression.cs" Description="File successfully backed up as G:\PhysicsSimulation\PhysicsIllustratorSource\Backup1\PhysicsIllustrator\CompGeo\LeastSquaresRegression.cs">
</Event><Event ErrorLevel="0" Project="PhysicsIllustrator" Source="PhysicsIllustrator\CompGeo\PolygonRegularizer.cs" Description="File successfully backed up as G:\PhysicsSimulation\PhysicsIllustratorSource\Backup1\PhysicsIllustrator\CompGeo\PolygonRegularizer.cs">
</Event><Event ErrorLevel="0" Project="PhysicsIllustrator" Source="PhysicsIllustrator\CompGeo\ScalarPartitioning.cs" Description="File successfully backed up as G:\PhysicsSimulation\PhysicsIllustratorSource\Backup1\PhysicsIllustrator\CompGeo\ScalarPartitioning.cs">
</Event><Event ErrorLevel="0" Project="PhysicsIllustrator" Source="PhysicsIllustrator\CompGeo\SegmentCollision.cs" Description="File successfully backed up as G:\PhysicsSimulation\PhysicsIllustratorSource\Backup1\PhysicsIllustrator\CompGeo\SegmentCollision.cs">
</Event><Event ErrorLevel="0" Project="PhysicsIllustrator" Source="PhysicsIllustrator\Config.cs" Description="File successfully backed up as G:\PhysicsSimulation\PhysicsIllustratorSource\Backup1\PhysicsIllustrator\Config.cs">
</Event><Event ErrorLevel="0" Project="PhysicsIllustrator" Source="PhysicsIllustrator\DocumentModel\MagicDocument.cs" Description="File successfully backed up as G:\PhysicsSimulation\PhysicsIllustratorSource\Backup1\PhysicsIllustrator\DocumentModel\MagicDocument.cs">
</Event><Event ErrorLevel="0" Project="PhysicsIllustrator" Source="PhysicsIllustrator\DocumentModel\MagicObjects.cs" Description="File successfully backed up as G:\PhysicsSimulation\PhysicsIllustratorSource\Backup1\PhysicsIllustrator\DocumentModel\MagicObjects.cs">
</Event><Event ErrorLevel="0" Project="PhysicsIllustrator" Source="PhysicsIllustrator\Geometry.cs" Description="File successfully backed up as G:\PhysicsSimulation\PhysicsIllustratorSource\Backup1\PhysicsIllustrator\Geometry.cs">
</Event><Event ErrorLevel="0" Project="PhysicsIllustrator" Source="PhysicsIllustrator\Global.cs" Description="File successfully backed up as G:\PhysicsSimulation\PhysicsIllustratorSource\Backup1\PhysicsIllustrator\Global.cs">
</Event><Event ErrorLevel="0" Project="PhysicsIllustrator" Source="PhysicsIllustrator\MainUI\AboutBox.cs" Description="File successfully backed up as G:\PhysicsSimulation\PhysicsIllustratorSource\Backup1\PhysicsIllustrator\MainUI\AboutBox.cs">
</Event><Event ErrorLevel="0" Project="PhysicsIllustrator" Source="PhysicsIllustrator\MainUI\BodyPropertiesForm.cs" Description="File successfully backed up as G:\PhysicsSimulation\PhysicsIllustratorSource\Backup1\PhysicsIllustrator\MainUI\BodyPropertiesForm.cs">
</Event><Event ErrorLevel="0" Project="PhysicsIllustrator" Source="PhysicsIllustrator\MainUI\HoverRegion.cs" Description="File successfully backed up as G:\PhysicsSimulation\PhysicsIllustratorSource\Backup1\PhysicsIllustrator\MainUI\HoverRegion.cs">
</Event><Event ErrorLevel="0" Project="PhysicsIllustrator" Source="PhysicsIllustrator\MainUI\HoverRegionBase.cs" Description="File successfully backed up as G:\PhysicsSimulation\PhysicsIllustratorSource\Backup1\PhysicsIllustrator\MainUI\HoverRegionBase.cs">
</Event><Event ErrorLevel="0" Project="PhysicsIllustrator" Source="PhysicsIllustrator\MainUI\MainForm.cs" Description="File successfully backed up as G:\PhysicsSimulation\PhysicsIllustratorSource\Backup1\PhysicsIllustrator\MainUI\MainForm.cs">
</Event><Event ErrorLevel="0" Project="PhysicsIllustrator" Source="PhysicsIllustrator\MainUI\SplashScreen.cs" Description="File successfully backed up as G:\PhysicsSimulation\PhysicsIllustratorSource\Backup1\PhysicsIllustrator\MainUI\SplashScreen.cs">
</Event><Event ErrorLevel="0" Project="PhysicsIllustrator" Source="PhysicsIllustrator\MathEx.cs" Description="File successfully backed up as G:\PhysicsSimulation\PhysicsIllustratorSource\Backup1\PhysicsIllustrator\MathEx.cs">
</Event><Event ErrorLevel="0" Project="PhysicsIllustrator" Source="PhysicsIllustrator\StrokeAnalysis\StrokeAnalyzer.cs" Description="File successfully backed up as G:\PhysicsSimulation\PhysicsIllustratorSource\Backup1\PhysicsIllustrator\StrokeAnalysis\StrokeAnalyzer.cs">
</Event><Event ErrorLevel="0" Project="PhysicsIllustrator" Source="PhysicsIllustrator\StrokeAnalysis\StrokeGeometry.cs" Description="File successfully backed up as G:\PhysicsSimulation\PhysicsIllustratorSource\Backup1\PhysicsIllustrator\StrokeAnalysis\StrokeGeometry.cs">
</Event><Event ErrorLevel="0" Project="PhysicsIllustrator" Source="PhysicsIllustrator\SystemInfo.cs" Description="File successfully backed up as G:\PhysicsSimulation\PhysicsIllustratorSource\Backup1\PhysicsIllustrator\SystemInfo.cs">
</Event><Event ErrorLevel="0" Project="PhysicsIllustrator" Source="PhysicsIllustrator\UnitTests\SegmentCollisionTest.cs" Description="File successfully backed up as G:\PhysicsSimulation\PhysicsIllustratorSource\Backup1\PhysicsIllustrator\UnitTests\SegmentCollisionTest.cs">
</Event><Event ErrorLevel="0" Project="PhysicsIllustrator" Source="PhysicsIllustrator\UnitTests\SerializationTest.cs" Description="File successfully backed up as G:\PhysicsSimulation\PhysicsIllustratorSource\Backup1\PhysicsIllustrator\UnitTests\SerializationTest.cs">
</Event><Event ErrorLevel="0" Project="PhysicsIllustrator" Source="PhysicsIllustrator\Vector.cs" Description="File successfully backed up as G:\PhysicsSimulation\PhysicsIllustratorSource\Backup1\PhysicsIllustrator\Vector.cs">
</Event><Event ErrorLevel="0" Project="PhysicsIllustrator" Source="PhysicsIllustrator\app.config" Description="File successfully backed up as G:\PhysicsSimulation\PhysicsIllustratorSource\Backup1\PhysicsIllustrator\app.config">
</Event><Event ErrorLevel="0" Project="PhysicsIllustrator" Source="PhysicsIllustrator\MainUI\AboutBox.resx" Description="File successfully backed up as G:\PhysicsSimulation\PhysicsIllustratorSource\Backup1\PhysicsIllustrator\MainUI\AboutBox.resx">
</Event><Event ErrorLevel="0" Project="PhysicsIllustrator" Source="PhysicsIllustrator\MainUI\BodyPropertiesForm.resx" Description="File successfully backed up as G:\PhysicsSimulation\PhysicsIllustratorSource\Backup1\PhysicsIllustrator\MainUI\BodyPropertiesForm.resx">
</Event><Event ErrorLevel="0" Project="PhysicsIllustrator" Source="PhysicsIllustrator\PhysicsIllustrator.ico" Description="File successfully backed up as G:\PhysicsSimulation\PhysicsIllustratorSource\Backup1\PhysicsIllustrator\PhysicsIllustrator.ico">
</Event><Event ErrorLevel="0" Project="PhysicsIllustrator" Source="PhysicsIllustrator\Resources\Animate.ico" Description="File successfully backed up as G:\PhysicsSimulation\PhysicsIllustratorSource\Backup1\PhysicsIllustrator\Resources\Animate.ico">
</Event><Event ErrorLevel="0" Project="PhysicsIllustrator" Source="PhysicsIllustrator\Resources\EditMenu.ico" Description="File successfully backed up as G:\PhysicsSimulation\PhysicsIllustratorSource\Backup1\PhysicsIllustrator\Resources\EditMenu.ico">
</Event><Event ErrorLevel="0" Project="PhysicsIllustrator" Source="PhysicsIllustrator\Resources\Eraser.ico" Description="File successfully backed up as G:\PhysicsSimulation\PhysicsIllustratorSource\Backup1\PhysicsIllustrator\Resources\Eraser.ico">
</Event><Event ErrorLevel="0" Project="PhysicsIllustrator" Source="PhysicsIllustrator\Resources\FileMenu.ico" Description="File successfully backed up as G:\PhysicsSimulation\PhysicsIllustratorSource\Backup1\PhysicsIllustrator\Resources\FileMenu.ico">
</Event><Event ErrorLevel="0" Project="PhysicsIllustrator" Source="PhysicsIllustrator\Resources\Lasso.ico" Description="File successfully backed up as G:\PhysicsSimulation\PhysicsIllustratorSource\Backup1\PhysicsIllustrator\Resources\Lasso.ico">
</Event><Event ErrorLevel="0" Project="PhysicsIllustrator" Source="PhysicsIllustrator\Resources\Minimize.ico" Description="File successfully backed up as G:\PhysicsSimulation\PhysicsIllustratorSource\Backup1\PhysicsIllustrator\Resources\Minimize.ico">
</Event><Event ErrorLevel="0" Project="PhysicsIllustrator" Source="PhysicsIllustrator\Resources\Pen.ico" Description="File successfully backed up as G:\PhysicsSimulation\PhysicsIllustratorSource\Backup1\PhysicsIllustrator\Resources\Pen.ico">
</Event><Event ErrorLevel="0" Project="PhysicsIllustrator" Source="PhysicsIllustrator\Resources\PenMenu.ico" Description="File successfully backed up as G:\PhysicsSimulation\PhysicsIllustratorSource\Backup1\PhysicsIllustrator\Resources\PenMenu.ico">
</Event><Event ErrorLevel="0" Project="PhysicsIllustrator" Source="PhysicsIllustrator\Resources\SplashScreen.jpg" Description="File successfully backed up as G:\PhysicsSimulation\PhysicsIllustratorSource\Backup1\PhysicsIllustrator\Resources\SplashScreen.jpg">
</Event><Event ErrorLevel="0" Project="PhysicsIllustrator" Source="PhysicsIllustrator\Resources\StopAnimation.ico" Description="File successfully backed up as G:\PhysicsSimulation\PhysicsIllustratorSource\Backup1\PhysicsIllustrator\Resources\StopAnimation.ico">
</Event><Event ErrorLevel="0" Project="PhysicsIllustrator" Source="PhysicsIllustrator\PhysicsIllustrator.csproj" Description="Project converted successfully">
</Event><Event ErrorLevel="3" Project="PhysicsIllustrator" Source="PhysicsIllustrator\PhysicsIllustrator.csproj" Description="Converted">
</Event><Event ErrorLevel="0" Project="PhysicsIllustrator.SmartTag" Source="PhysicsIllustrator.SmartTag\PhysicsIllustrator.SmartTag.csproj" Description="Project file successfully backed up as G:\PhysicsSimulation\PhysicsIllustratorSource\Backup1\PhysicsIllustrator.SmartTag\PhysicsIllustrator.SmartTag.csproj">
</Event><Event ErrorLevel="0" Project="PhysicsIllustrator.SmartTag" Source="PhysicsIllustrator.SmartTag\PhysicsIllustrator.SmartTag.csproj.user" Description="Project user file successfully backed up as G:\PhysicsSimulation\PhysicsIllustratorSource\Backup1\PhysicsIllustrator.SmartTag\PhysicsIllustrator.SmartTag.csproj.user">
</Event><Event ErrorLevel="1" Project="PhysicsIllustrator.SmartTag" Source="AssemblyInfoCommon.cs" Description="Backed up project may not build.  Project contains linked file: G:\PhysicsSimulation\PhysicsIllustratorSource\Backup1\PhysicsIllustrator.SmartTag\AssemblyInfoCommon.cs">
</Event><Event ErrorLevel="0" Project="PhysicsIllustrator.SmartTag" Source="AssemblyInfoCommon.cs" Description="File successfully backed up as G:\PhysicsSimulation\PhysicsIllustratorSource\Backup1\PhysicsIllustrator.SmartTag\AssemblyInfoCommon.cs">
</Event><Event ErrorLevel="0" Project="PhysicsIllustrator.SmartTag" Source="PhysicsIllustrator.SmartTag\AssemblyInfoSpecific.cs" Description="File successfully backed up as G:\PhysicsSimulation\PhysicsIllustratorSource\Backup1\PhysicsIllustrator.SmartTag\AssemblyInfoSpecific.cs">
</Event><Event ErrorLevel="0" Project="PhysicsIllustrator.SmartTag" Source="PhysicsIllustrator.SmartTag\SmartTag.cs" Description="File successfully backed up as G:\PhysicsSimulation\PhysicsIllustratorSource\Backup1\PhysicsIllustrator.SmartTag\SmartTag.cs">
</Event><Event ErrorLevel="0" Project="PhysicsIllustrator.SmartTag" Source="PhysicsIllustrator.SmartTag\Error.ico" Description="File successfully backed up as G:\PhysicsSimulation\PhysicsIllustratorSource\Backup1\PhysicsIllustrator.SmartTag\Error.ico">
</Event><Event ErrorLevel="0" Project="PhysicsIllustrator.SmartTag" Source="PhysicsIllustrator.SmartTag\Information.ico" Description="File successfully backed up as G:\PhysicsSimulation\PhysicsIllustratorSource\Backup1\PhysicsIllustrator.SmartTag\Information.ico">
</Event><Event ErrorLevel="0" Project="PhysicsIllustrator.SmartTag" Source="PhysicsIllustrator.SmartTag\Lightning.ico" Description="File successfully backed up as G:\PhysicsSimulation\PhysicsIllustratorSource\Backup1\PhysicsIllustrator.SmartTag\Lightning.ico">
</Event><Event ErrorLevel="0" Project="PhysicsIllustrator.SmartTag" Source="PhysicsIllustrator.SmartTag\Warning.ico" Description="File successfully backed up as G:\PhysicsSimulation\PhysicsIllustratorSource\Backup1\PhysicsIllustrator.SmartTag\Warning.ico">
</Event><Event ErrorLevel="0" Project="PhysicsIllustrator.SmartTag" Source="PhysicsIllustrator.SmartTag\PhysicsIllustrator.SmartTag.csproj" Description="Project converted successfully">
</Event><Event ErrorLevel="3" Project="PhysicsIllustrator.SmartTag" Source="PhysicsIllustrator.SmartTag\PhysicsIllustrator.SmartTag.csproj" Description="Converted">
</Event><Event ErrorLevel="0" Project="" Source="PhysicsIllustrator.sln" Description="Solution converted successfully">
</Event><Event ErrorLevel="3" Project="" Source="PhysicsIllustrator.sln" Description="Converted">
</Event><Event ErrorLevel="0" Project="PhysicsIllustrator" Source="PhysicsIllustrator\PhysicsIllustrator.csproj" Description="Scan complete: Upgrade not required for project files.">
</Event><Event ErrorLevel="0" Project="PhysicsIllustrator.SmartTag" Source="PhysicsIllustrator.SmartTag\PhysicsIllustrator.SmartTag.csproj" Description="Scan complete: Upgrade not required for project files.">
</Event></UpgradeLog>